<?xml version="1.0" encoding="UTF-8" standalone="yes" ?>
<metalib name="Log" >
	<!-- 在线人数LOG -->
	<struct name="OnlineCount"			id=""							desc="在线人数LOG"							>
		<entry name="iEventId"			type="string"	size="60"			desc="游戏事件ID"							/>
		<entry name="dtEventTime"		type="datetime"	size=""			desc="记录时间, 格式 YYYY-MM-DD HH:MM:SS"	/>
		<entry name="iWorldId"			type="uint"		index="1"		desc="游戏大区ID"							/>
		<entry name="iAccountCount"		type="uint"		size=""			desc="当前在线帐号数量"					/>
		<entry name="iAccountMax"		type="uint"		size=""			desc="与上次统计最大在线帐号数量"			/>
		<entry name="iPlayerCount"		type="uint"		size=""			desc="当前在线角色数量"					/>
		<entry name="iPlayerMax"		type="uint"		size=""			desc="与上次统计最大在线角色数量"			/>
	</struct>
	
	<!-- 帐号表 -->	
	<struct name="AccountCreate"		id=""							desc="帐号登录LOG"							>
		<entry name="iWorldId"			type="uint"		index="1"		desc="游戏大区ID"							/>
		<entry name="iUin"				type="string"	size="60"		desc="用户ID"								/>
		<entry name="dtEventTime"		type="datetime"	size=""			desc="记录时间, 格式 YYYY-MM-DD HH:MM:SS"	/>
		<entry name="vClientIp"			type="string"	size="16"		desc="客户端所在ip"							/>
		<entry name="vAccountName"		type="string"	size="60"		desc="账号名"								/>
	</struct>
	
	<!-- 帐号登录LOG -->	
	<struct name="AccountLogin"			id=""							desc="帐号登录LOG"							>
		<entry name="iEventId"			type="string"	size="60"			desc="游戏事件ID"							/>
		<entry name="iWorldId"			type="uint"		index="1"		desc="游戏大区ID"							/>
		
		<entry name="iUin"				type="string"	size="60"		desc="用户ID"								/>
		<entry name="dtEventTime"		type="datetime"	size=""			desc="记录时间, 格式 YYYY-MM-DD HH:MM:SS"	/>
		<entry name="vClientIp"			type="string"	size="16"		desc="客户端所在ip"						/>
		<entry name="dtCreateTime"		type="datetime"	size=""			desc="帐号创建时间"						/>
		<entry name="iLoginWay"			type="uint"		size=""			desc="登录渠道"								/>	
	</struct>
	<!-- 帐号登出LOG -->	
	<struct name="AccountLogout"		id=""			desc="帐号登出LOG"											>
		<entry name="iEventId"			type="string"	size="60"			desc="游戏事件ID"							/>
		<entry name="iWorldId"			type="uint"		index="1"		desc="游戏大区ID"							/>
		<entry name="iUin"				type="string"	size="60"		desc="用户ID"								/>
		<entry name="dtEventTime"		type="datetime"	size=""			desc="记录时间, 格式 YYYY-MM-DD HH:MM:SS"	/>
		<entry name="dtLoginTime"		type="datetime"	size=""			desc="登入时间, 格式 YYYY-MM-DD HH:MM:SS"	/>
		<entry name="vClientIp"			type="string"	size="15"		desc="客户端所在ip"						/>
		<entry name="dtCreateTime"		type="datetime"	size=""			desc="帐号创建时间"	/>
		<entry name="iOnlineTime"		type="uint"		size=""			desc="本次登录在线时间"					/>
		<entry name="iLoginWay"			type="uint"		size=""			desc="登录渠道"								/>
	</struct>
	<!-- 角色登录LOG -->
	<struct name="RoleLogin"			id=""							desc="角色登录LOG"							>
		<entry name="iEventId"			type="string"	size="60"			desc="游戏事件ID"							/>
		<entry name="iWorldId"			type="uint"		index="1"		desc="游戏大区ID"							/>
		<entry name="iUin"				type="string"	size="60"		desc="用户ID"								/>
		<entry name="dtEventTime"		type="datetime"	size=""			desc="记录时间, 格式 YYYY-MM-DD HH:MM:SS"	/>
		<entry name="vClientIp"			type="string"	size="16"		desc="客户端所在ip"						/>
		<entry name="iRoleId"			type="uint"		index="1"		desc="角色ID"								/>
		<entry name="vRoleName"			type="string"	size="20"		desc="角色名"								/>
		<entry name="iJobId"			type="utinyint"	size=""			desc="角色职业"								/>
		
		<entry name="iRoleLevel"		type="uint"		size=""			desc="角色等级"								/>
		<entry name="iRoleExp"			type="uint"		size=""			desc="角色经验值"							/>
		<entry name="iMoney"			type="uint"		size=""			desc="角色游戏币数"						/>
		<entry name="iLijin"			type="uint"		size=""			desc="角色礼金数量"						/>
		<entry name="iGamePoints"		type="uint"		size=""			desc="角色元宝数量"						/>
		<entry name="dtCreateTime"		type="datetime"	size=""			desc="角色创建的时间"						/>
		<entry name="iOnlineTotalTime"	type="uint"		size=""			desc="角色总在线时长"						/>
		
		<entry name="iLoginWay"			type="uint"		size=""			desc="登录渠道"								/>
	</struct>
	<!-- 角色登出LOG -->
	<struct name="RoleLogout"			id=""							desc="角色登出LOG"							>
		<entry name="iEventId"			type="string"	size="60"			desc="游戏事件ID"							/>
		<entry name="iWorldId"			type="uint"		index="1"		desc="游戏大区ID"							/>
		<entry name="iUin"				type="string"	size="60"		desc="用户ID"								/>
		<entry name="dtEventTime"		type="datetime"	size=""			desc="记录时间, 格式 YYYY-MM-DD HH:MM:SS"	/>
		<entry name="dtLoginTime"		type="datetime"	size=""			desc="登录时间, 格式 YYYY-MM-DD HH:MM:SS"	/>
		<entry name="vClientIp"			type="string"	size="16"		desc="客户端所在ip"						/>
		<entry name="dtCreateTime"		type="datetime"	size=""			desc="角色创建的时间"						/>
		<entry name="iOnlineTime"		type="uint"		size=""			desc="本次登录在线时间"					/>
		<entry name="iOnlineTotalTime"	type="uint"		size=""			desc="角色总在线时长"						/>
		<entry name="iRoleId"			type="uint"		index="1"		desc="角色ID"								/>
		<entry name="vRoleName"			type="string"	size="20"		desc="角色名"								/>
		<entry name="iJobId"			type="utinyint"	size=""			desc="角色职业"								/>
		
		<entry name="iRoleLevel"		type="uint"		size=""			desc="角色等级"								/>
		<entry name="iRoleExp"			type="uint"		size=""			desc="角色经验值"							/>
		<entry name="iMoney"			type="uint"		size=""			desc="角色游戏币数"						/>
		<entry name="iLijin"			type="uint"		size=""			desc="角色礼金数量"						/>
		<entry name="iGamePoints"		type="uint"		size=""			desc="角色元宝数量"						/>

		<entry name="iLoginWay"			type="uint"		size=""			desc="登录渠道"								/>
	</struct>
	
	<!-- 创建角色 -->
	<struct name="CreateRole"			id=""							desc="创建角色"								>
		<entry name="iEventId"			type="string"	size="60"			desc="游戏事件ID"							/>
		<entry name="iWorldId"			type="uint"		index="1"		desc="游戏大区ID"							/>
		<entry name="iUin"				type="string"	size="60"		desc="用户ID"								/>
		<entry name="dtEventTime"		type="datetime"	size=""			desc="记录时间, 格式 YYYY-MM-DD HH:MM:SS"	/>
		<entry name="vClientIp"			type="string"	size="16"		desc="客户端所在ip"						/>
		<entry name="iRoleId"			type="uint"		index="1"		desc="角色ID"								/>
		<entry name="vRoleName"			type="string"	size="20"		desc="角色名"								/>
		<entry name="iJobId"			type="utinyint"	size=""			desc="角色职业"								/>
		
		<entry name="iLoginWay"			type="uint"		size=""			desc="登录渠道"								/>
	</struct>

	<!-- 角色等级 -->
	<struct name="RoleLevelUp"			id=""							desc="角色等级"								>
		<entry name="iEventId"			type="string"	size="60"			desc="游戏事件ID"							/>
		<entry name="iWorldId"			type="uint"		index="1"		desc="游戏大区ID"							/>
		<entry name="iUin"				type="string"	size="60"		desc="用户ID"								/>
		<entry name="dtEventTime"		type="datetime"	size=""			desc="记录时间, 格式 YYYY-MM-DD HH:MM:SS"	/>
		<entry name="vClientIp"			type="string"	size="16"		desc="客户端所在ip"						/>
		<entry name="iRoleId"			type="uint"		index="1"		desc="角色ID"								/>
		<entry name="vRoleName"			type="string"	size="20"		desc="角色名"								/>
		<entry name="iJobId"			type="utinyint"	size=""			desc="角色职业"								/>
		
		<entry name="iRoleLevel"		type="uint"		size=""			desc="角色等级"								/>
		<entry name="iRoleExp"			type="uint"		size=""			desc="角色经验值"							/>
		<entry name="iMoney"			type="uint"		size=""			desc="角色游戏币数"						/>
		<entry name="iLijin"			type="uint"		size=""			desc="角色礼金数量"						/>
		<entry name="iGamePoints"		type="uint"		size=""			desc="角色元宝数量"						/>
		<entry name="dtCreateTime"		type="datetime"	size=""			desc="角色创建的时间"						/>
		<entry name="iOnlineTotalTime"	type="uint"		size=""			desc="角色总在线时长"						/>
		<entry name="iReason"			type="uint"		size=""			desc="升级原因"								/>
		
		<entry name="iLoginWay"			type="uint"		size=""			desc="登录渠道"								/>
	</struct>

	<!-- 充值 -->
	<struct name="Recharge"				id=""							desc="充值"									>
		<entry name="iEventId"			type="string"	size="60"		desc="操作ID"								/>
		<entry name="dtEventTime"		type="datetime"	size=""			desc="记录时间, 格式 YYYY-MM-DD HH:MM:SS"	/>
		<entry name="iWorldId"			type="uint"		index="1"		desc="游戏大区ID"							/>
		<entry name="iUin"				type="string"	size="60"		desc="用户ID"								/>
		<entry name="iRoleId"			type="uint"		index="1"		desc="角色ID"								/>		
		<entry name="vSN"				type="string"	size="64"		desc="流水号"								/>
		<entry name="ts"				type="uint"		size=""			desc="充值时间"								/>
		<entry name="iPayDelta"			type="uint"		size=""			desc="充值金额"								/>
	</struct>
	
	<!-- 商城购买 -->
	<struct name="Shop"					id=""							desc="商城购买"						>
		<entry name="iEventId"			type="string"	size="60"			desc="游戏事件ID"							/>
		<entry name="iWorldId"			type="uint"		index="1"		desc="游戏大区ID"							/>
		<entry name="dtEventTime"		type="datetime"	size=""			desc="记录时间, 格式 YYYY-MM-DD HH:MM:SS"	/>
		<entry name="vClientIp"			type="string"	size="16"		desc="客户端所在ip"							/>
		<entry name="iUin"				type="string"	size="60"		desc="用户ID"								/>
		<entry name="iRoleId"			type="uint"		index="1"		desc="角色ID"								/>
		<entry name="vRoleName"			type="string"	size="20"		desc="角色名"								/>
		<entry name="iJobId"			type="utinyint"	size=""			desc="角色职业"								/>
		
		<entry name="iCost"				type="uint"		size=""			desc="支付消耗"								/>
		<entry name="iShopType"			type="uint"		size=""			desc="商店类型"								/>
		<entry name="iGoodsType"		type="uint"		size=""			desc="商品类型"								/>
		<entry name="iGoodsId"			type="uint"		size=""			desc="物品ID"								/>
		<entry name="iGoodsNum"			type="uint"		size=""			desc="物品数量"								/>
		<entry name="vGuid"				type="string"	size="60"		desc="全局唯一标识"						/>
		<entry name="iLoginWay"			type="uint"		size=""			desc="登录渠道"								/>
	</struct>
	
	<!--回收 -->
	<struct name="CallBack"				id=""							desc="回收"								>
		<entry name="iEventId"			type="string"	size="60"			desc="游戏事件ID"							/>
		<entry name="iWorldId"			type="uint"		index="1"		desc="游戏大区ID"							/>
		<entry name="iUin"				type="string"	size="60"		desc="用户ID"								/>
		<entry name="dtEventTime"		type="datetime"	size=""			desc="记录时间, 格式 YYYY-MM-DD HH:MM:SS"	/>
		<entry name="iRoleId"			type="uint"		index="1"		desc="角色ID"								/>
		<entry name="vRoleName"			type="string"	size="20"		desc="角色名"								/>
		<entry name="iJobId"			type="utinyint"	size=""			desc="角色职业"								/>
		<entry name="iRoleLevel"		type="uint"		size=""			desc="角色等级"								/>
		<entry name="iMoneyBeforer"		type="uint"		size=""			desc="动作前的金钱数"						/>
		<entry name="iMoneyAfter"		type="uint"		size=""			desc="动作后的金钱数"						/>
		<entry name="iGetMoney"			type="uint"		size=""			desc="获得金钱数"							/>
		<entry name="iLostItemId"		type="uint"		size=""			desc="物品ID"								/>
		<entry name="iLostItemType"		type="uint"		size=""			desc="物品类型"								/>
		<entry name="iLostItemNum"		type="uint"		size=""			desc="物品数量"								/>
		<entry name="vGuid"				type="string"	size="60"		desc="全局唯一标识"						/>
	</struct>
	
	<!--现金流 -->
	<struct name="MoneyFlow"			id=""							desc="现金流"							>
		<entry name="iEventId"			type="string"	size="60"			desc="游戏事件ID"							/>
		<entry name="iWorldId"			type="uint"		index="1"		desc="游戏大区ID"							/>
		<entry name="iUin"				type="string"	size="60"		desc="用户ID"								/>
		<entry name="dtEventTime"		type="datetime"	size=""			desc="记录时间, 格式 YYYY-MM-DD HH:MM:SS"	/>
		<entry name="iRoleId"			type="uint"		index="1"		desc="角色ID"								/>
		<entry name="vRoleName"			type="string"	size="20"		desc="角色名"								/>
		<entry name="iJobId"			type="utinyint"	size=""			desc="角色职业"								/>
		<entry name="iRoleLevel"		type="uint"		size=""			desc="角色等级"								/>
		<entry name="iMoneyBeforer"		type="uint"		size=""			desc="动作前的金钱数"						/>
		<entry name="iMoneyAfter"		type="uint"		size=""			desc="动作后的金钱数"						/>
		<entry name="iMoney"			type="uint"		size=""			desc="动作涉及的金钱数"					/>
		<entry name="iMoneyType"		type="uint"		size=""			desc="金钱的类型"							/>
		<entry name="iFlowType"			type="uint"		size=""			desc="途径"									/>
		<entry name="iAction"			type="uint"		size=""			desc="动作,发生原因"						/>
	</struct>
	
	<!--技能升级 -->
	<struct name="SpeSkillLevelUp"		id=""							desc="技能升级"							>
		<entry name="iEventId"			type="string"	size="60"			desc="游戏事件ID"							/>
		<entry name="iWorldId"			type="uint"		index="1"		desc="游戏大区ID"							/>
		<entry name="iUin"				type="string"	size="60"		desc="用户ID"								/>
		<entry name="dtEventTime"		type="datetime"	size=""			desc="记录时间, 格式 YYYY-MM-DD HH:MM:SS"	/>
		<entry name="iRoleId"			type="uint"		index="1"		desc="角色ID"								/>
		<entry name="vRoleName"			type="string"	size="20"		desc="角色名"								/>
		<entry name="iJobId"			type="utinyint"	size=""			desc="角色职业"								/>
		<entry name="iRoleLevel"		type="uint"		size=""			desc="角色等级"								/>
		<entry name="iRoleExp"			type="uint"		size=""			desc="角色经验"								/>
		<entry name="iSpeIndex"			type="uint"		size=""			desc="技能类型"								/>
		<entry name="iPreSpeSkill"		type="uint"		size=""			desc="原技能ID"								/>
		<entry name="iCurSpeSkill"		type="uint"		size=""			desc="新技能ID"								/>
		<entry name="iPreLevel"			type="uint"		size=""			desc="原等级"								/>
		<entry name="iCurLevel"			type="uint"		size=""			desc="新等级"								/>
	</struct>
	
	<!--收邮件附件 -->
	<struct name="RcvAccessory"			id=""							desc="收邮件附件"							>
		<entry name="iEventId"			type="string"	size="60"			desc="游戏事件ID"							/>
		<entry name="iWorldId"			type="uint"		index="1"		desc="游戏大区ID"							/>
		<entry name="iUin"				type="string"	size="60"		desc="用户ID"								/>
		<entry name="dtEventTime"		type="datetime"	size=""			desc="记录时间, 格式 YYYY-MM-DD HH:MM:SS"	/>
		<entry name="dtSendTime"		type="datetime"	size=""			desc="邮件发送时间, 格式 YYYY-MM-DD HH:MM:SS"	/>
		<entry name="iRoleId"			type="uint"		index="1"		desc="角色ID"								/>
		<entry name="vRoleName"			type="string"	size="20"		desc="角色名"								/>
		<entry name="iJobId"			type="utinyint"	size=""			desc="角色职业"								/>
		<entry name="iRoleLevel"		type="uint"		size=""			desc="角色等级"								/>
		<entry name="vSenderName"		type="string"	size="20"		desc="发件人"								/>
		<entry name="iMailID"			type="uint"		size=""			desc="邮件ID"								/>
	</struct>
	
	<!--接受任务 -->
	<struct name="TaskStart"			id=""							desc="接受任务"							>
		<entry name="iEventId"			type="string"	size="60"			desc="游戏事件ID"							/>
		<entry name="iWorldId"			type="uint"		index="1"		desc="游戏大区ID"							/>
		<entry name="iUin"				type="string"	size="60"		desc="用户ID"								/>
		<entry name="dtEventTime"		type="datetime"	size=""			desc="记录时间, 格式 YYYY-MM-DD HH:MM:SS"	/>
		<entry name="iRoleId"			type="uint"		index="1"		desc="角色ID"								/>
		<entry name="vRoleName"			type="string"	size="20"		desc="角色名"								/>
		<entry name="iJobId"			type="utinyint"	size=""			desc="角色职业"								/>
		<entry name="iRoleLevel"		type="uint"		size=""			desc="角色等级"								/>
		<entry name="iTaskId"			type="uint"		size=""			desc="任务ID"								/>
		<entry name="vTaskName"			type="string"	size="20"		desc="任务名称"								/>
		<entry name="iTaskType"			type="uint"		size=""			desc="任务类型"								/>
	</struct>
	
	<!--完成任务 -->
	<struct name="TaskFinished"			id=""							desc="完成任务"							>
		<entry name="iEventId"			type="string"	size="60"			desc="游戏事件ID"							/>
		<entry name="iWorldId"			type="uint"		index="1"		desc="游戏大区ID"							/>
		<entry name="iUin"				type="string"	size="60"		desc="用户ID"								/>
		<entry name="dtEventTime"		type="datetime"	size=""			desc="记录时间, 格式 YYYY-MM-DD HH:MM:SS"	/>
		<entry name="iRoleId"			type="uint"		index="1"		desc="角色ID"								/>
		<entry name="vRoleName"			type="string"	size="20"		desc="角色名"								/>
		<entry name="iJobId"			type="utinyint"	size=""			desc="角色职业"								/>
		<entry name="iRoleLevel"		type="uint"		size=""			desc="角色等级"								/>
		<entry name="iTaskId"			type="uint"		size=""			desc="任务ID"								/>
		<entry name="vTaskName"			type="string"	size="20"		desc="任务名称"								/>
		<entry name="iTaskType"			type="uint"		size=""			desc="任务类型"								/>
	</struct>
	
	<!--跑地图 -->
	<struct name="ChMap"				id=""							desc="跑地图"							>
		<entry name="iEventId"			type="string"	size="60"			desc="游戏事件ID"							/>
		<entry name="iWorldId"			type="uint"		index="1"		desc="游戏大区ID"							/>
		<entry name="iUin"				type="string"	size="60"		desc="用户ID"								/>
		<entry name="dtEventTime"		type="datetime"	size=""			desc="记录时间, 格式 YYYY-MM-DD HH:MM:SS"	/>
		<entry name="iRoleId"			type="uint"		index="1"		desc="角色ID"								/>
		<entry name="vRoleName"			type="string"	size="20"		desc="角色名"								/>
		<entry name="iJobId"			type="utinyint"	size=""			desc="角色职业"								/>
		<entry name="iMapid"			type="uint"		size=""			desc="原地图ID"								/>
		<entry name="iPosX"				type="uint"		size=""			desc="原坐标X"								/>
		<entry name="iPosY"				type="uint"		size=""			desc="原坐标Y"								/>
		<entry name="iNewMapid"			type="uint"		size=""			desc="新地图ID"								/>
		<entry name="iNewPosX"			type="uint"		size=""			desc="新坐标X"								/>
		<entry name="iNewPosY"			type="uint"		size=""			desc="新坐标Y"								/>
	</struct>

	<!-- 创建帮派 -->
	<struct name="PartyBuild"			id=""							desc="创建帮派"								>
		<entry name="iEventId"			type="string"	size="60"		desc="操作ID"								/>
		<entry name="iWorldId"			type="uint"		index="1"		desc="游戏大区ID"							/>
		<entry name="iUin"				type="string"	size="60"		desc="用户ID"								/>
		<entry name="dtEventTime"		type="datetime"	size=""			desc="记录时间, 格式 YYYY-MM-DD HH:MM:SS"	/>
		<entry name="iRoleId"			type="uint"		index="1"		desc="角色ID"								/>		
		<entry name="vRoleName"			type="string"	size="20"		desc="角色名"								/>
		<entry name="iPartyId"			type="uint"		index="1"		desc="帮派ID"								/>		
		<entry name="vPartyName"		type="string"	size="20"		desc="帮派名"								/>
		<entry name="iPartyLevel"		type="uint"		size=""			desc="帮派等级"								/>
		<entry name="iPartyMoney"		type="uint"		size=""			desc="帮派银两"								/>
	</struct>
	
	<!-- 帮派升级 -->
	<struct name="PartyLevelUp"			id=""							desc="创建升级"								>
		<entry name="iEventId"			type="string"	size="60"		desc="操作ID"								/>
		<entry name="iWorldId"			type="uint"		index="1"		desc="游戏大区ID"							/>
		<entry name="iUin"				type="string"	size="60"		desc="用户ID"								/>
		<entry name="dtEventTime"		type="datetime"	size=""			desc="记录时间, 格式 YYYY-MM-DD HH:MM:SS"	/>
		<entry name="iRoleId"			type="uint"		index="1"		desc="角色ID"								/>		
		<entry name="vRoleName"			type="string"	size="20"		desc="角色名"								/>
		<entry name="iPartyId"			type="uint"		index="1"		desc="帮派ID"								/>		
		<entry name="vPartyName"		type="string"	size="20"		desc="帮派名"								/>
		<entry name="iPartyLevel"		type="uint"		size=""			desc="帮派等级"								/>
		<entry name="iPartyMoney"		type="uint"		size=""			desc="帮派银两"								/>
	</struct>
	
	<!-- 解散帮派 -->
	<struct name="PartyDismiss"			id=""							desc="解散帮派"								>
		<entry name="iEventId"			type="string"	size="60"		desc="操作ID"								/>
		<entry name="iWorldId"			type="uint"		index="1"		desc="游戏大区ID"							/>
		<entry name="iUin"				type="string"	size="60"		desc="用户ID"								/>
		<entry name="dtEventTime"		type="datetime"	size=""			desc="记录时间, 格式 YYYY-MM-DD HH:MM:SS"	/>
		<entry name="iRoleId"			type="uint"		index="1"		desc="角色ID"								/>		
		<entry name="vRoleName"			type="string"	size="20"		desc="角色名"								/>
		<entry name="iPartyId"			type="uint"		index="1"		desc="帮派ID"								/>		
		<entry name="vPartyName"		type="string"	size="20"		desc="帮派名"								/>
		<entry name="iPartyLevel"		type="uint"		size=""			desc="帮派等级"								/>
		<entry name="iPartyMoney"		type="uint"		size=""			desc="帮派银两"								/>
	</struct>
	
	<!-- 加入帮派 -->
	<struct name="PartyAddMember"		id=""							desc="加入帮派"								>
		<entry name="iEventId"			type="string"	size="60"		desc="操作ID"								/>
		<entry name="iWorldId"			type="uint"		index="1"		desc="游戏大区ID"							/>
		<entry name="iUin"				type="string"	size="60"		desc="用户ID"								/>
		<entry name="dtEventTime"		type="datetime"	size=""			desc="记录时间, 格式 YYYY-MM-DD HH:MM:SS"	/>
		<entry name="iRoleId"			type="uint"		index="1"		desc="角色ID"								/>		
		<entry name="vRoleName"			type="string"	size="20"		desc="角色名"								/>
		<entry name="iPartyId"			type="uint"		index="1"		desc="帮派ID"								/>		
		<entry name="vPartyName"		type="string"	size="20"		desc="帮派名"								/>
		<entry name="iPartyLevel"		type="uint"		size=""			desc="帮派等级"								/>
		<entry name="iPartyMoney"		type="uint"		size=""			desc="帮派银两"								/>
		<entry name="vAddMemberName"	type="string"	size="20"		desc="加入者"								/>
	</struct>
	
	<!-- 离开帮派 -->
	<struct name="PartyDelMember"		id=""							desc="离开帮派"								>
		<entry name="iEventId"			type="string"	size="60"		desc="操作ID"								/>
		<entry name="iWorldId"			type="uint"		index="1"		desc="游戏大区ID"							/>
		<entry name="iUin"				type="string"	size="60"		desc="用户ID"								/>
		<entry name="dtEventTime"		type="datetime"	size=""			desc="记录时间, 格式 YYYY-MM-DD HH:MM:SS"	/>
		<entry name="iRoleId"			type="uint"		index="1"		desc="角色ID"								/>		
		<entry name="vRoleName"			type="string"	size="20"		desc="角色名"								/>
		<entry name="iPartyId"			type="uint"		index="1"		desc="帮派ID"								/>		
		<entry name="vPartyName"		type="string"	size="20"		desc="帮派名"								/>
		<entry name="iPartyLevel"		type="uint"		size=""			desc="帮派等级"								/>
		<entry name="iPartyMoney"		type="uint"		size=""			desc="帮派银两"								/>
		<entry name="vDelMemberName"	type="string"	size="20"		desc="离开者"								/>
	</struct>

	<!-- 角色经验 -->
	<struct name="RoleExp"			id=""							desc="角色经验"								>
		<entry name="iEventId"			type="string"	size="60"			desc="游戏事件ID"							/>
		<entry name="iWorldId"			type="uint"		index="1"		desc="游戏大区ID"							/>
		<entry name="iUin"				type="string"	size="60"		desc="用户ID"								/>
		<entry name="dtEventTime"		type="datetime"	size=""			desc="记录时间, 格式 YYYY-MM-DD HH:MM:SS"	/>
		<entry name="iRoleId"			type="uint"		index="1"		desc="角色ID"								/>
		<entry name="vRoleName"			type="string"	size="20"		desc="角色名"								/>
		<entry name="iJobId"			type="utinyint"	size=""			desc="角色职业"								/>
		
		<entry name="iRoleLevel"		type="uint"		size=""			desc="角色等级"								/>
		<entry name="iRoleExp"			type="uint"		size=""			desc="角色经验值"							/>
		<entry name="iPercent"			type="uint"		size=""			desc="百分比"						/>
		<entry name="iReason"			type="uint"		size=""			desc="经验获得原因"						/>
	</struct>
	
	<!-- 客户端加载日志 -->
	<struct name="LoadProgress"			id=""							desc="客户端加载"							>
		<entry name="iEventId"			type="string"	size="60"		desc="游戏事件ID"							/>
		<entry name="iWorldId"			type="uint"		index="1"		desc="游戏大区ID"							/>
		<entry name="iUin"				type="string"	size="60"		desc="用户ID"								/>
		<entry name="dtEventTime"		type="datetime"	size=""			desc="记录时间, 格式 YYYY-MM-DD HH:MM:SS"	/>
		<entry name="iProgress"			type="uint"		size=""			desc="加载进度"								/>
	</struct>
	
	<!-- 托充值日志 -->
	<struct name="TuoRecharge"			id=""							desc="托元宝充值"							>
		<entry name="iEventId"			type="string"	size="60"		desc="操作ID"								/>
		<entry name="dtEventTime"		type="datetime"	size=""			desc="记录时间, 格式 YYYY-MM-DD HH:MM:SS"	/>
		<entry name="iWorldId"			type="uint"		index="1"		desc="游戏大区ID"							/>
		<entry name="iUin"				type="string"	size="60"		desc="用户ID"								/>
		<entry name="iRoleId"			type="uint"		index="1"		desc="角色ID"								/>		
		<entry name="iYuanbao"			type="uint"		size=""			desc="元宝数"								/>
	</struct>
	
	<!-- GM操作日志 -->
	<struct name="GMOperate"			id=""							desc="GM操作"							>
		<entry name="iEventId"			type="string"	size="60"		desc="操作ID"								/>
		<entry name="dtEventTime"		type="datetime"	size=""			desc="记录时间, 格式 YYYY-MM-DD HH:MM:SS"	/>
		<entry name="iWorldId"			type="uint"		index="1"		desc="游戏大区ID"							/>
		<entry name="iUin"				type="string"	size="60"		desc="用户ID"								/>
		<entry name="iRoleId"			type="uint"		index="1"		desc="角色ID"								/>
		<entry name="iRoleName"			type="string"	size="60"		desc="角色名"								/>		
		<entry name="iOperate"			type="uint"		index="1"		desc="操作类型"								/>
		<entry name="iGmRoleName"		type="string"	size="60"		desc="GM角色名"								/>
	</struct>
	
	<!-- 成长进阶成功日志 -->
	<struct name="RefinedUpgrade"		id=""							desc="变强进阶"							>
		<entry name="iEventId"			type="string"	size="60"		desc="操作ID"								/>
		<entry name="dtEventTime"		type="datetime"	size=""			desc="记录时间, 格式 YYYY-MM-DD HH:MM:SS"	/>
		<entry name="iWorldId"			type="uint"		index="1"		desc="游戏大区ID"							/>
		<entry name="iUin"				type="string"	size="60"		desc="用户ID"								/>
		<entry name="iRoleId"			type="uint"		index="1"		desc="角色ID"								/>
		<entry name="iRoleName"			type="string"	size="60"		desc="角色名"								/>		
		<entry name="iType"				type="uint"		index="1"		desc="进阶类型"								/>
		<entry name="iAfterLevel"		type="uint"		index="1"		desc="进阶后的等级"						/>
	</struct>
	
	<!-- 成长进阶祝福值日志 -->
	<struct name="RefinedUpgradeBless"	id=""							desc="变强进阶祝福值"							>
		<entry name="iEventId"			type="string"	size="60"		desc="操作ID"								/>
		<entry name="dtEventTime"		type="datetime"	size=""			desc="记录时间, 格式 YYYY-MM-DD HH:MM:SS"	/>
		<entry name="iWorldId"			type="uint"		index="1"		desc="游戏大区ID"							/>
		<entry name="iUin"				type="string"	size="60"		desc="用户ID"								/>
		<entry name="iRoleId"			type="uint"		index="1"		desc="角色ID"								/>
		<entry name="iRoleName"			type="string"	size="60"		desc="角色名"								/>		
		<entry name="iType"				type="uint"		index="1"		desc="进阶类型"								/>
		<entry name="iBeforeLevel"		type="uint"		index="1"		desc="进阶前的等级"						/>
		<entry name="dtResetTime"		type="datetime"	size=""			desc="祝福值清空时间"						/>
	</struct>
	
	<!-- 熔炼日志 -->
	<struct name="EquipmentMelting"		id=""							desc="熔炼日志"							>
		<entry name="iEventId"			type="string"	size="60"		desc="操作ID"								/>
		<entry name="dtEventTime"		type="datetime"	size=""			desc="记录时间, 格式 YYYY-MM-DD HH:MM:SS"	/>
		<entry name="iWorldId"			type="uint"		index="1"		desc="游戏大区ID"							/>
		<entry name="iUin"				type="string"	size="60"		desc="用户ID"								/>
		<entry name="iRoleId"			type="uint"		index="1"		desc="角色ID"								/>
		<entry name="iRoleName"			type="string"	size="60"		desc="角色名"								/>		
		<entry name="iMeltAmount"		type="uint"		index="1"		desc="最新熔炼值"							/>
		<entry name="iChangeAmount"		type="uint"		index="1"		desc="变化的熔炼值"								/>
		<entry name="iGoodsId"			type="uint"		index="1"		desc="物品id"								/>
		<entry name="vGoodsName"		type="uint"		index="1"		desc="物品名字"								/>
		<entry name="iRefinedTimes"		type="uint"		index="1"		desc="强化等级"								/>
		<entry name="iQuality"			type="uint"		index="1"		desc="品质"									/>
		<entry name="iStatType"			type="uint"		index="1"		desc="附加属性类型"						/>
	</struct>
	
	<!-- 帮派兑换日志 -->
	<struct name="PartyExchange"		id=""							desc="帮派兑换日志"							>
		<entry name="iEventId"			type="string"	size="60"		desc="操作ID"								/>
		<entry name="dtEventTime"		type="datetime"	size=""			desc="记录时间, 格式 YYYY-MM-DD HH:MM:SS"	/>
		<entry name="iWorldId"			type="uint"		index="1"		desc="游戏大区ID"							/>
		<entry name="iUin"				type="string"	size="60"		desc="用户ID"								/>
		<entry name="iRoleId"			type="uint"		index="1"		desc="角色ID"								/>
		<entry name="iRoleName"			type="string"	size="60"		desc="角色名"								/>		
		<entry name="iLilian"			type="uint"		index="1"		desc="最新历练值"							/>
		<entry name="iCost"				type="uint"		index="1"		desc="消耗历练值"								/>
		<entry name="iGoodsId"			type="uint"		index="1"		desc="物品id"								/>
		<entry name="vGoodsName"		type="string"	size="60"		desc="物品名字"								/>
		<entry name="iCount"			type="uint"		index="1"		desc="兑换个数"								/>
	</struct>
	
	<!-- 帮派物资日志 -->
	<struct name="PartyAssets"			id=""							desc="帮派物资日志"							>
		<entry name="iEventId"			type="string"	size="60"		desc="操作ID"								/>
		<entry name="dtEventTime"		type="datetime"	size=""			desc="记录时间, 格式 YYYY-MM-DD HH:MM:SS"	/>
		<entry name="iWorldId"			type="uint"		index="1"		desc="游戏大区ID"							/>
		<entry name="iUin"				type="string"	size="60"		desc="用户ID"								/>
		<entry name="iRoleId"			type="uint"		index="1"		desc="角色ID"								/>
		<entry name="iRoleName"			type="string"	size="60"		desc="角色名"								/>		
		<entry name="iType"				type="uint"		index="1"		desc="物资类型"								/>
		<entry name="iAmount"			type="uint"		index="1"		desc="最新值"								/>
		<entry name="iChange"			type="uint"		index="1"		desc="变化值"								/>
		<entry name="iReason"			type="uint"		index="1"		desc="原因"									/>
	</struct>	
	
	<!-- 摊位交易日志 -->
	<struct name="StallTrade"			id=""							desc="摊位交易日志"						>
		<entry name="iEventId"			type="string"	size="60"		desc="操作ID"								/>
		<entry name="dtEventTime"		type="datetime"	size=""			desc="记录时间, 格式 YYYY-MM-DD HH:MM:SS"	/>
		<entry name="iWorldId"			type="uint"		index="1"		desc="游戏大区ID"							/>
		<entry name="iUin"				type="string"	size="60"		desc="用户ID"								/>
		<entry name="iRoleId"			type="uint"		index="1"		desc="角色ID"								/>
		<entry name="iRoleName"			type="string"	size="60"		desc="角色名"								/>		
		<entry name="iOtherWorldId"		type="uint"		index="1"		desc="出售者游戏大区ID"					/>
		<entry name="iOtherRoleId"		type="uint"		index="1"		desc="出售者角色ID"							/>
		<entry name="iOtherRoleName"	type="string"	size="60"		desc="出售者角色名"						/>
		<entry name="iGoodsId"			type="uint"		index="1"		desc="物品id"								/>
		<entry name="vGoodsName"		type="string"	size="60"		desc="物品名字"								/>
		<entry name="iCount"			type="uint"		index="1"		desc="个数"									/>
		<entry name="iPrice"			type="uint"		index="1"		desc="购买价格"								/>
	</struct>
	
	
</metalib>